{
  "L14": {
    "sft": {
      "era_believed": {
        "mean": -0.5077661354206263,
        "se": 0.20356348236119506,
        "n": 15
      },
      "era_true": {
        "mean": 0.28460450110580326,
        "se": 0.21056256252468808,
        "n": 25
      },
      "era_false": {
        "mean": -0.02172258461254305,
        "se": 0.16220326957350387,
        "n": 25
      },
      "modern_true": {
        "mean": -0.5436277766455886,
        "se": 0.17956563207973614,
        "n": 25
      },
      "modern_false": {
        "mean": -0.6393977233396868,
        "se": 0.2335321166839033,
        "n": 15
      },
      "control_neutrally_true": {
        "mean": -0.7373567554197789,
        "se": 0.12631255709605319,
        "n": 30
      },
      "control_egregiously_false": {
        "mean": -1.068594345301077,
        "se": 0.10855176259137207,
        "n": 30
      }
    },
    "icl_k32": {
      "era_believed": {
        "mean": -3.3388733333333334,
        "se": 0.21189333720670075,
        "n": 15
      },
      "era_true": {
        "mean": -7.537972,
        "se": 0.2993931037559816,
        "n": 25
      },
      "era_false": {
        "mean": -6.484488,
        "se": 0.4019443450556806,
        "n": 25
      },
      "modern_true": {
        "mean": -10.043644,
        "se": 0.2692602174599137,
        "n": 25
      },
      "modern_false": {
        "mean": -10.835913333333336,
        "se": 0.3332824423640528,
        "n": 15
      },
      "control_neutrally_true": {
        "mean": -8.19492,
        "se": 0.22423385468449378,
        "n": 30
      },
      "control_egregiously_false": {
        "mean": -6.349796666666666,
        "se": 0.20873195046296597,
        "n": 30
      }
    },
    "protection_gaps": {
      "sft": 0.22959061999915253,
      "icl": 4.856046666666666
    }
  },
  "L16": {
    "sft": {
      "era_believed": {
        "mean": -0.394116199346423,
        "se": 0.15171823827788067,
        "n": 15
      },
      "era_true": {
        "mean": 0.2673086317310013,
        "se": 0.19152649440535857,
        "n": 25
      },
      "era_false": {
        "mean": -0.042695947646806794,
        "se": 0.1663384120857994,
        "n": 25
      },
      "modern_true": {
        "mean": -0.744590571578118,
        "se": 0.1169381800864521,
        "n": 25
      },
      "modern_false": {
        "mean": -0.568176204408753,
        "se": 0.2102848893571845,
        "n": 15
      },
      "control_neutrally_true": {
        "mean": -0.6358577514266538,
        "se": 0.10057268939487081,
        "n": 30
      },
      "control_egregiously_false": {
        "mean": -1.1903001757620222,
        "se": 0.09958361039918877,
        "n": 30
      }
    },
    "icl_k32": {
      "era_believed": {
        "mean": -4.025633333333333,
        "se": 0.24631318287752937,
        "n": 15
      },
      "era_true": {
        "mean": -7.110016000000001,
        "se": 0.28131394338311777,
        "n": 25
      },
      "era_false": {
        "mean": -5.730136,
        "se": 0.3633305853298894,
        "n": 25
      },
      "modern_true": {
        "mean": -7.668712,
        "se": 0.25762539740142076,
        "n": 25
      },
      "modern_false": {
        "mean": -6.456926666666667,
        "se": 0.33719700136621966,
        "n": 15
      },
      "control_neutrally_true": {
        "mean": -7.10615,
        "se": 0.17723072154993644,
        "n": 30
      },
      "control_egregiously_false": {
        "mean": -6.27771,
        "se": 0.160282105839118,
        "n": 30
      }
    },
    "protection_gaps": {
      "sft": 0.2417415520802308,
      "icl": 3.080516666666667
    }
  },
  "L18": {
    "sft": {
      "era_believed": {
        "mean": 0.3387702361172888,
        "se": 0.12806110100981039,
        "n": 15
      },
      "era_true": {
        "mean": 0.44490327317761547,
        "se": 0.1442041119816745,
        "n": 25
      },
      "era_false": {
        "mean": -0.14817224934767348,
        "se": 0.09397863209724668,
        "n": 25
      },
      "modern_true": {
        "mean": -0.163303091416315,
        "se": 0.0816424994654832,
        "n": 25
      },
      "modern_false": {
        "mean": 0.3028698807997268,
        "se": 0.16393961768102996,
        "n": 15
      },
      "control_neutrally_true": {
        "mean": -0.8293121851797284,
        "se": 0.07872785785591994,
        "n": 30
      },
      "control_egregiously_false": {
        "mean": -0.9775663884241946,
        "se": 0.06758779795198985,
        "n": 30
      }
    },
    "icl_k32": {
      "era_believed": {
        "mean": 0.7980866666666667,
        "se": 0.28951070828273406,
        "n": 15
      },
      "era_true": {
        "mean": 0.114644,
        "se": 0.23286015676916477,
        "n": 25
      },
      "era_false": {
        "mean": 1.19432,
        "se": 0.27344819408436394,
        "n": 25
      },
      "modern_true": {
        "mean": 2.1220000000000003,
        "se": 0.24491375520374511,
        "n": 25
      },
      "modern_false": {
        "mean": 6.4809866666666665,
        "se": 0.5751665936726829,
        "n": 15
      },
      "control_neutrally_true": {
        "mean": 1.1669833333333335,
        "se": 0.1896129501603688,
        "n": 30
      },
      "control_egregiously_false": {
        "mean": -0.7865733333333333,
        "se": 0.20277000002374523,
        "n": 30
      }
    },
    "protection_gaps": {
      "sft": 1.1680824212970171,
      "icl": -0.36889666666666676
    }
  },
  "L20": {
    "sft": {
      "era_believed": {
        "mean": 0.8074425209800735,
        "se": 0.1212533418103011,
        "n": 15
      },
      "era_true": {
        "mean": 0.6734706565235291,
        "se": 0.139882902495638,
        "n": 25
      },
      "era_false": {
        "mean": -0.03688421203470548,
        "se": 0.13953041192637944,
        "n": 25
      },
      "modern_true": {
        "mean": 0.302229506841554,
        "se": 0.11125174035246503,
        "n": 25
      },
      "modern_false": {
        "mean": 0.436834248836916,
        "se": 0.18314127152106438,
        "n": 15
      },
      "control_neutrally_true": {
        "mean": 0.3037996158896403,
        "se": 0.10051317535151616,
        "n": 30
      },
      "control_egregiously_false": {
        "mean": -0.29729120917169777,
        "se": 0.09099054789858278,
        "n": 30
      }
    },
    "icl_k32": {
      "era_believed": {
        "mean": 0.2943666666666667,
        "se": 0.33374393812777636,
        "n": 15
      },
      "era_true": {
        "mean": -1.115632,
        "se": 0.24493254037599824,
        "n": 25
      },
      "era_false": {
        "mean": -1.763924,
        "se": 0.28391428358742365,
        "n": 25
      },
      "modern_true": {
        "mean": -1.3224960000000001,
        "se": 0.25369090581918774,
        "n": 25
      },
      "modern_false": {
        "mean": 2.053873333333333,
        "se": 0.5424200630070689,
        "n": 15
      },
      "control_neutrally_true": {
        "mean": -1.3851666666666667,
        "se": 0.11610240664874104,
        "n": 30
      },
      "control_egregiously_false": {
        "mean": -2.88163,
        "se": 0.17736277576074286,
        "n": 30
      }
    },
    "protection_gaps": {
      "sft": 0.5036429050904332,
      "icl": 1.6795333333333333
    }
  }
}